|       sibling        |
+----------------------+
| <InputC ... tainer>  |
| <InputH ...      />  |
| <ArrowD ... {16} />  |
| <InputC ... tainer>  |
| <InputH ...      />  |
| <ArrowD ... {16} />  |
| <ClockI ... {16} />  |
| <Fade\n  ... </Fade> |
| <ArrowR ... {16} />  |
| <Chevro ...      />  |
| <Clipbo ... {20} />  |
| <FocusM ... l.Main>  |
| <EmojiP ... oji} />  |
| <SendIc ... {20} />  |
| <Search ... -40" />  |
| <OSShor ... ="K" />  |
| <Search ... dal} />  |
| <Chevro ... {16} />  |
| <CheckI ... {16} />  |
| <Chip k ... .f!} />  |
| <EventC ... rgs} />  |
| <Create ...      />  |
| <EventC ... rgs} />  |
| <Avatar ... ser} />  |
| <TrashI ... {20} />  |
| <EventC ...      />  |
| <MailIc ... {20} />  |
| <Receiv ... .to} />  |
| <AlertI ... {20} />  |
| <MailIc ... {20} />  |
| <EventC ... rgs} />  |
| <Icon size={"20"} /> |
| <Discor ... {24} />  |
| <TableC ... tainer>  |
| <Action ... ons} />  |
| <NoteIn ... ote} />  |
| <Spinne ... rge" />  |
| <SearchBar />        |
| <HelpCi ... {24} />  |
| <Notifi ...      />  |
| <Activi ... ose} />  |
| <Modal. ... Header>  |
| <Modal. ... Footer>  |
| <Modal. ... Header>  |
| <IconTo ... nk." />  |
| <Modal. ... Footer>  |
| <TableC ... tainer>  |
| <Refres ... 20"} />  |
| <EditIc ... {20} />  |
| <Detail ... {20} />  |
| <PlusIc ... {14} />  |
| <Filter ...      />  |
| <TabFil ...      />  |
| <Discou ...      />  |
| <Promot ... .id} />  |
| <PlusIc ... {14} />  |
| <Filter ...      />  |
| <Filter ...      />  |
| <Filter ...      />  |
| <Filter ...      />  |
| <TabFil ...      />  |
| <Spinne ... ry"} />  |
| <PlusIc ... {14} />  |
| <Filter ...      />  |
| <Filter ...      />  |
| <Filter ...      />  |
| <Filter ...      />  |
| <Filter ...      />  |
| <TabFil ...      />  |
| <OrderF ...      />  |
| <PlusIc ... {14} />  |
| <Filter ...      />  |
| <Filter ...      />  |
| <TabFil ...      />  |
| <PriceL ... oup} />  |
| <PriceL ... row} />  |
| <RadioG ...      />  |
| <RadioG ...      />  |
| <Contro ...      />  |
| <PriceA ...      />  |
| <Modal. ... Footer>  |
| <Produc ...      />  |
| <Produc ... s()} />  |
| <Produc ... iew} />  |
| <Chevro ... -40" />  |
| <Chevro ... -40" />  |
| <Modal. ... Header>  |
| <Badge  ... /Badge>  |
| <Paymen ... tus} />  |
| <Fulfil ... tus} />  |
| <Displa ...      />  |
| <Modal. ... Footer>  |
| <Fade i ... </Fade>  |
| <Analyt ... odal />  |
| <BackBu ...      />  |
| <Spinne ... rge" />  |
| <EditIc ... "20" />  |
| <TrashI ... "20" />  |
| <JSONVi ... ata} />  |
| <EditIc ... "20" />  |
| <ViewPr ...      />  |
| <Breadc ...      />  |
| <BodyCa ... dyCard>  |
| <Avatar ...      />  |
| <Action ... ons} />  |
| <Status ...      />  |
| <BodyCa ... dyCard>  |
| <Spinne ... ry"} />  |
| <Custom ... .id} />  |
| <RawJSO ... mer" />  |
| <Modal. ... Header>  |
| <Modal. ... Footer>  |
| <Custom ... lder />  |
| <Custom ...      />  |
| <Modal. ... Footer>  |
| <Existi ...      />  |
| <Modal. ... Footer>  |
| <Existi ...      />  |
| <Modal. ... Footer>  |
| <Existi ...      />  |
| <Modal. ... Footer>  |
| <Existi ...      />  |
| <Modal. ... Footer>  |
| <Existi ...      />  |
| <PlusIc ... {16} />  |
| <Number ...      />  |
| <EditCo ...      />  |
| <EditIc ... {20} />  |
| <Number ...      />  |
| <BodyCa ... dyCard>  |
| <Badge  ... /Badge>  |
| <Status ...      />  |
| <Breadc ...      />  |
| <Spinne ... ary" />  |
| <Discou ... ovider>  |
| <Genera ... unt} />  |
| <Config ... unt} />  |
| <Discou ... unt} />  |
| <RawJSO ... unt" />  |
| <BodyCa ... dyCard>  |
| <TableV ... s"]} />  |
| <DiscountTable />    |
| <Select ...      />  |
| <Modal. ... Footer>  |
| <AddCon ...      />  |
| <Select ...      />  |
| <Modal. ... Footer>  |
| <AddCon ...      />  |
| <Select ...      />  |
| <Modal. ... Footer>  |
| <AddCon ...      />  |
| <Select ...      />  |
| <Modal. ... Footer>  |
| <AddCon ...      />  |
| <Select ...      />  |
| <Modal. ... Footer>  |
| <AddCon ...      />  |
| <Select ...      />  |
| <Modal. ... Footer>  |
| <Detail ...      />  |
| <Select ...      />  |
| <Modal. ... Footer>  |
| <Detail ...      />  |
| <Select ...      />  |
| <Modal. ... Footer>  |
| <Detail ...      />  |
| <Select ...      />  |
| <Modal. ... Footer>  |
| <Detail ...      />  |
| <Select ...      />  |
| <Modal. ... Footer>  |
| <Detail ...      />  |
| <Select ...      />  |
| <Modal. ... Footer>  |
| <EditCo ...      />  |
| <Select ...      />  |
| <Modal. ... Footer>  |
| <EditCo ...      />  |
| <Select ...      />  |
| <Modal. ... Footer>  |
| <EditCo ...      />  |
| <Spinner />          |
| <Select ...      />  |
| <Modal. ... Footer>  |
| <EditCo ...      />  |
| <Select ...      />  |
| <Modal. ... Footer>  |
| <EditCo ...      />  |
| <Badge\n ... /Badge> |
| <EditIc ... {16} />  |
| <TrashI ... {16} />  |
| <Condit ...      />  |
| <PlusIc ... {18} />  |
| <Accord ... n.Item>  |
| <Switch ...  -1} />  |
| <DatePi ...      />  |
| <TimePi ...      />  |
| <Accord ... n.Item>  |
| <Switch ...  -1} />  |
| <DatePi ...      />  |
| <TimePi ...      />  |
| <Accord ... n.Item>  |
| <Switch ...  -1} />  |
| <Accord ... n.Item>  |
| <Switch ...  -1} />  |
| <Availa ...      />  |
| <Modal. ... Header>  |
| <Modal. ... Footer>  |
| <Breadc ...      />  |
| <Spinne ... ry"} />  |
| <BodyCa ... dyCard>  |
| <Status ...      />  |
| <Badge  ... /Badge>  |
| <RawJSO ... uct" />  |
| <PlusIc ... {20} />  |
| <PageDe ...      />  |
| <BodyCa ... dyCard>  |
| <GiftCardTable />    |
| <Spinne ... rge" />  |
| <Modal. ... Header>  |
| <RMARet ...      />  |
| <TrashI ... {20} />  |
| <CheckI ... {16} />  |
| <IconTo ... urn" />  |
| <Modal. ... Header>  |
| <CheckI ... {16} />  |
| <IconTo ... t="" />  |
| <Breadc ...      />  |
| <BodyCa ... dyCard>  |
| <Spinne ... ry"} />  |
| <BodyCa ... dyCard>  |
| <Toolti ... ooltip>  |
| <Clipbo ... {16} />  |
| <OrderS ... tus} />  |
| <Cancel ... 20"} />  |
| <Clipbo ... {12} />  |
| <BodyCa ... dyCard>  |
| <OrderL ...      />  |
| <Displa ...      />  |
| <Displa ...      />  |
| <Badge  ... /Badge>  |
| <Displa ...      />  |
| <Badge  ... /Badge>  |
| <CopyTo ...      />  |
| <Displa ...      />  |
| <Displa ...      />  |
| <Displa ...      />  |
| <Paymen ...      />  |
| <Paymen ... tus} />  |
| <Displa ...      />  |
| <Corner ... Icon />  |
| <Fulfil ...      />  |
| <JSONVi ... ata} />  |
| <BodyCa ... dyCard>  |
| <Avatar ...      />  |
| <Format ...      />  |
| <Format ...      />  |
| <RawJSO ... der" />  |
| <Timeli ... .id} />  |
| <Transf ...      />  |
| <OrderE ... der} />  |
| <Modal. ... Header>  |
| <Modal. ... ontent>  |
| <CheckI ... {16} />  |
| <IconTo ... t="" />  |
| <Modal. ... Header>  |
| <Modal. ... ontent>  |
| <AlertI ... {20} />  |
| <Curren ... t.Root>  |
| <CheckI ... {16} />  |
| <IconTo ... urn" />  |
| <Modal. ... Header>  |
| <Spinne ... ary" />  |
| <EditIc ... {20} />  |
| <Curren ... t.Root>  |
| <CheckI ... {16} />  |
| <IconTo ... urn" />  |
| <Modal. ... Header>  |
| <EditIc ... {20} />  |
| <Curren ... t.Root>  |
| <Modal. ... Footer>  |
| <ImageR ...      />  |
| <ImageR ...      />  |
| <FileUp ...      />  |
| <Modal. ... Footer>  |
| <Modal. ... Header>  |
| <Spinne ... ary" />  |
| <RMARet ...      />  |
| <CheckI ... {16} />  |
| <IconTo ... nge" />  |
| <Breadc ...      />  |
| <BodyCa ... dyCard>  |
| <Spinne ... ry"} />  |
| <OrderS ... nent />  |
| <BodyCa ... dyCard>  |
| <ImagePlaceholder /> |
| <Displa ...      />  |
| <Badge  ... /Badge>  |
| <Displa ...      />  |
| <Displa ...      />  |
| <Displa ...      />  |
| <BodyCa ... dyCard>  |
| <Paymen ... bles />  |
| <Displa ...      />  |
| <Displa ...      />  |
| <Displa ...      />  |
| <Displa ...      />  |
| <CopyTo ...      />  |
| <BodyCa ... dyCard>  |
| <JSONVi ... ata} />  |
| <TruckI ... 20"} />  |
| <Dollar ... 20"} />  |
| <Detail ... 20"} />  |
| <Avatar ...      />  |
| <Format ...      />  |
| <Format ...      />  |
| <BodyCa ... dyCard>  |
| <JSONVi ... er!} />  |
| <BodyCa ... dyCard>  |
| <TableV ...      />  |
| <DraftOrderTable />  |
| <Modal. ... Footer>  |
| <Modal. ... Header>  |
| <Search ... 500" />  |
| <Search ... 400" />  |
| <OrderE ...      />  |
| <Totals ...      />  |
| <Modal. ... Footer>  |
| <TableV ...      />  |
| <Export ...      />  |
| <Modal. ... Footer>  |
| <ImagePlaceholder /> |
| <MinusI ... {16} />  |
| <PlusIc ... {16} />  |
| <TrashI ... -50" />  |
| <PlusIc ... {20} />  |
| <PlusIc ... {20} />  |
| <AlertI ... {20} />  |
| <Curren ... t.Root>  |
| <TrashI ... {20} />  |
| <Spinner />          |
| <ImagePlaceholder /> |
| <PlusIc ... {20} />  |
| <CrossI ... {20} />  |
| <PlusIc ... {20} />  |
| <CrossI ... {20} />  |
| <Summar ... ection>  |
| <Avatar ...      />  |
| <Summar ... ection>  |
| <Summar ... ection>  |
| <PriceL ...      />  |
| <FocusM ... Header>  |
| <FormHe ... ose} />  |
| <Toolti ... ooltip>  |
| <InfoIc ... -40" />  |
| <Fade i ... </Fade>  |
| <EditPr ... {id} />  |
| <Import ... d()} />  |
| <Accord ... n.Item>  |
| <Switch ...  -1} />  |
| <DatePi ...      />  |
| <TimePi ...      />  |
| <Accord ... n.Item>  |
| <Switch ...  -1} />  |
| <DatePi ...      />  |
| <TimePi ...      />  |
| <Accord ... n.Item>  |
| <Switch ...  -1} />  |
| <SearchIcon />       |
| <Loadin ... tainer>  |
| <Produc ...      />  |
| <PlusIcon />         |
| <Modal  ... /Modal>  |
| <Modal. ... l.Body>  |
| <Modal. ... Header>  |
| <PriceO ...      />  |
| <Modal. ... Footer>  |
| <SalesC ...      />  |
| <Sectio ... ection>  |
| <ProductOptions />   |
| <Varian ...      />  |
| <Option ...      />  |
| <AddVar ...      />  |
| <EditVa ...      />  |
| <PlusIc ... {14} />  |
| <Filter ...      />  |
| <Filter ...      />  |
| <CheckI ... {16} />  |
| <TagInp ...      />  |
| <TabFil ...      />  |
| <CurrentView />      |
| <Export ...      />  |
| <Import ... l()} />  |
| <Fade i ... </Fade>  |
| <NewPro ... ate} />  |
| <CrossI ... -50" />  |
| <Search ... {16} />  |
| <CrossI ... -40" />  |
| <UTurnI ... {18} />  |
| <CrossI ... -50" />  |
| <Search ... {16} />  |
| <CrossI ... -50" />  |
| <Search ... {14} />  |
| <FocusM ... Header>  |
| <CrossI ... {20} />  |
| <Breadc ...      />  |
| <Fade i ... </Fade>  |
| <Create ... dal} />  |
| <Manage ...      />  |
| <CheckI ... 700" />  |
| <PlusIc ... {20} />  |
| <FocusM ... Header>  |
| <CrossI ... {20} />  |
| <Modal. ... Header>  |
| <Modal. ... Footer>  |
| <PlusIc ...      />  |
| <Search ... {20} />  |
| <CrossI ... ter" />  |
| <Breadc ...      />  |
| <SalesC ...      />  |
| <Fade i ... </Fade>  |
| <AddSal ... dal} />  |
| <Remove ...      />  |
| <Modal. ... Header>  |
| <Modal. ... Footer>  |
| <Modal. ... Footer>  |
| <Modal. ... Header>  |
| <TableA ...      />  |
| <Modal. ... Footer>  |
| <FocusM ... Header>  |
| <CrossI ... {20} />  |
| <Accord ... n.Item>  |
| <Region ...      />  |
| <Accord ... n.Item>  |
| <Region ... s")} />  |
| <BreadC ...      />  |
| <PlusIc ... {20} />  |
| <Spinne ... ary" />  |
| <RadioG ...      />  |
| <Return ... son} />  |
| <Create ... ose} />  |
| <PlusIcon />         |
| <Spinne ... ry"} />  |
| <Region ... ion} />  |
| <BreadC ...      />  |
| <UserTa ...      />  |
| <Modal. ... Footer>  |
| <LoginL ... Layout>  |
| <SEO ti ... unt" />  |
| <MedusaIcon />       |
| <Medusa ... rge" />  |
| <LongAr ... t-1" />  |
| <SEO ti ... gin" />  |
| <MedusaIcon />       |
| <Produc ... .id} />  |
| <Skelet ... dex} />  |
| <Head t ... ts." />  |
| <Infini ... ams} />  |
