|            sibling            |
+-------------------------------+
| <Rodada ... k()} />           |
| <Coin c ... ary} />           |
| <Histor ... tem} />           |
| <Histor ... tem} />           |
| <Histor ... tem} />           |
| <Histor ... tem} />           |
| <Histor ... tem} />           |
| <Rodada ... o')} />           |
| <Rodada ... r')} />           |
| <Coin c ... oin} />           |
| <Header ... hat' />           |
| <ChatPe ... lse} />           |
| <ChatGr ... lse} />           |
| <Rodada ... t')} />           |
| <Rodada ... t')} />           |
| <Rodada ... k()} />           |
| <Rodada ... k()} />           |
| <Rodada ... k()} />           |
| <Coin c ... ary} />           |
| <Header ... cia' />           |
| <Button ... UAR' />           |
| <Rodada />                    |
| <Rodada />                    |
| <Rodada ... r')} />           |
| <Header ... tos' />           |
| <Produt ... tem} />           |
| <Rodada ... k()} />           |
| <Header ... ela' />           |
| <DropDo ... ne'} />           |
| <DropDo ... ne'} />           |
| <DropDo ... ne'} />           |
| <DropDo ... ne'} />           |
| <Button ... TIO' />           |
| <Rodada ... r')} />           |
| <Coin c ... oin} />           |
| <Header ... ios' />           |
| <TextBo ... xtBold>           |
| <Oferta ... ase} />           |
| <TextBo ... xtBold>           |
| <Oferta ... fer} />           |
| <Rodada ... r')} />           |
| <Coin c ... oin} />           |
| <Header ... ios' />           |
| <TextBo ... xtBold>           |
| <Anunci ... er)} />           |
| <TextBo ... xtBold>           |
| <Anunci ... id)} />           |
| <Rodada ... r')} />           |
| <Coin c ... oin} />           |
| <Button ... ER'} />           |
| <Header ... yer" />           |
| <Item t ... ers} />           |
| <Item t ... cia' />           |
| <Item t ... tos' />           |
| <Item t ... mum' />           |
| <Item t ... ium' />           |
| <Item t ... ium' />           |
| <Item t ... mum' />           |
| <Item t ... ium' />           |
| <Item t ... ium' />           |
| <Item t ... oja' />           |
| <Item t ... roz' />           |
| <Item t ... i\u00e7a' />      |
| <Item t ... e 1' />           |
| <Item t ... e 2' />           |
| <Item t ... e 3' />           |
| <Item t ... dor' />           |
| <Item t ... cia' />           |
| <Item t ... ios' />           |
| <Resumo ... ene} />           |
| <Rodada ... o')} />           |
| <TextBo ... xtBold>           |
| <MultaC ...  })} />           |
| <Rodada ... a')} />           |
| <Parcel ... lse} />           |
| <LogsTr ... .id} />           |
| <Button ... TAR' />           |
| <Rodada ... o')} />           |
| <TextBo ... xtBold>           |
| <TextBo ... xtBold>           |
| <Header ... tic" />           |
| <Item t ... \u00e7\u00e3o' /> |
| <Item t ... tos' />           |
| <Item t ... res' />           |
| <Item t ... sts} />           |
| <Item t ... cia' />           |
| <Item t ... rde' />           |
| <Item t ... tas' />           |
| <Item t ... cia' />           |
| <Resumo ... ene} />           |
| <Rodada ... o')} />           |
| <Histor ... tem} />           |
| <Rodada ... o')} />           |
| <Coin c ... ary} />           |
| <Rodada ... o')} />           |
| <Coin c ... ary} />           |
| <Button ... AR'} />           |
| <Button ... \u00e7ar' />      |
| <Button ... e()} />           |
| <Quadra ... on1' />           |
| <Quadra ... on2' />           |
| <Quadra ... on3' />           |
| <Quadra ... on4' />           |
| <Quadra ... on5' />           |
| <Quadra ... on6' />           |
| <Quadra ... on7' />           |
| <Quadra ... on8' />           |
| <Quadra ... on9' />           |
| <Quadra ... n10' />           |
| <Quadra ... n11' />           |
| <Quadra ... n12' />           |
| <Button ... \u00e7ar' />      |
