|            sibling             |
+--------------------------------+
| <MeetNa ... mId} />            |
| <PeerVi ...      />            |
| <MeVideoElem />                |
| <Contro ... ess} />            |
| <Transcript />                 |
| <Indivi ... rId} />            |
| <GrpChat />                    |
| <Joined ...      />            |
| <ShareS ... key} />            |
| <Record ... ngs} />            |
| <MeVideoElem />                |
| <PeerVi ... key} />            |
| <HeroSe ...  \u1f48e\udc8e' /> |
| <Loader ... age} />            |
| <HeroSe ... ets" />            |
| <Middle ... org} />            |
| <OrgMem ... org} />            |
| <CrossChainBridge />           |
| <OrgCha ... ess} />            |
| <Loading />                    |
