|              sibling               |
+------------------------------------+
| <Chat />                           |
| <Chat />                           |
| <TopTit ... \uc694 !' />           |
| <TopTit ... \uc138\uc694 !'/>      |
| <MyPageProfile/>                   |
| <TopTit ...      />                |
| <Schedu ... m.id}/>                |
| <Header ... onds}/>                |
| <Dialog ...      />                |
| <VideoC ...      />                |
| <VideoC ... Review>                |
| <Stream ...      />                |
| <Stream ...      />                |
| <ChatCo ... tion}/>                |
| <TopTit ... \ubcf4\uc138\uc694!'/> |
| <MyPageProfile/>                   |
| <Traine ... view}/>                |
| <Traine ... dule />                |
| <TopTit ... \uc138\uc694! '/>      |
| <TodayL ... List}/>                |
| <MySchedule/>                      |
