|               sibling               |
+-------------------------------------+
| <Bottom ... mModal>                 |
| <Header ...      />                 |
| <TextEm ... '\u1f45c\udc5c' />      |
| <TextEm ... '\u1f9d0\uddd0' />      |
| <Routin ... ion} />                 |
| <Active ...      />                 |
| <TextEm ... te)} />                 |
| <GetRou ... nes} />                 |
| <Watermark />                       |
| <FloatingButton />                  |
| <NavBar ... dar' />                 |
| <BackHe ... ick} />                 |
| <Bottom ... mModal>                 |
| <Bottom ... mModal>                 |
| <TextEm ... '\u1f62f\ude2f' />      |
| <TextEm ... '\u1f60e\ude0e' />      |
| <TextEm ... '\u1f4d5\udcd5' />      |
| <TextEm ... \u200d\u1f4bb\udcbb' /> |
| <TextEm ... '\u1f393\udf93' />      |
| <TextEm ... '\u1f3e0\udfe0' />      |
| <TextEm ... '\u1f60b\ude0b' />      |
| <TextEm ... '\u1f61c\ude1c' />      |
| <Watermark />                       |
| <NavBar ... ore' />                 |
| <Bottom ... mModal>                 |
| <BasicM ... ne?' />                 |
| <TextEm ... '\u1f929\udd29' />      |
| <Routin ... ine} />                 |
| <BlankEmojiLeft />                  |
| <Header ...      />                 |
| <TextEm ... '\u1f4c3\udcc3' />      |
| <AllRou ...      />                 |
| <FloatingButton />                  |
| <NavBar ... nes' />                 |
| <Routin ... ine} />                 |
| <ShowRo ... ine} />                 |
| <Bottom ... ack} />                 |
| <TextEm ... '\u1f4c2\udcc2' />      |
| <Button ...      />                 |
| <Floati ... px]' />                 |
| <Watermark />                       |
