|       sibling       |
+---------------------+
| <Platfo ... nge} /> |
| <Border ...      /> |
| <Border ...      /> |
| <AssetS ...      /> |
| <Border ...      /> |
| <Border ...      /> |
| <AssetS ...      /> |
| <Border ...      /> |
| <Border ...      /> |
| <Border ...      /> |
| <Border ...      /> |
| <Border ...      /> |
| <Border ...      /> |
| <Border ...      /> |
| <Border ...      /> |
| <Border ...      /> |
| <Loader ... 5a"} /> |
| <Loader ... 5a"} /> |
| <Enhanc ...      /> |
| <TableB ... yet" /> |
| <TableB ... ait" /> |
| <Enhanc ... Sort}/> |
| <Enhanc ...      /> |
| <TableB ... ait" /> |
| <Loader ... 0b'} /> |
